{
    "values": [
        5,
        14,
        23,
        24,
        27,
        29,
        149,
        28,
        18,
        1,
        2,
        2,
        46,
        395,
        22,
        14,
        131,
        9,
        1,
        20,
        276,
        26,
        16,
        8,
        34,
        23,
        24,
        27,
        10,
        28
    ],
    "mean": 47.733333333333334,
    "stdev": 86.17741656859285
}