{"values": [19, 27, 2, 11, 1, 37, 14, 7, 13, 46, 69, 44, 21, 17, 66, 3, 11, 26, 40, 23, 27, 31, 86, 25, 22, 49, 3, 2, 24, 8, 5, 28, 21, 82, 11, 17, 10, 20, 6, 11, 29, 19, 12, 25, 1, 3, 24, 5, 30, 12, 31, 31, 15, 14, 27, 32, 0, 5, 59, 33, 81, 41, 108, 22, 0, 40, 12, 23, 8, 44, 50, 15, 9, 19, 11, 39, 5, 58, 21, 32, 7, 38, 84, 17, 28, 0, 12, 7, 22, 5, 61, 14, 6, 13, 66, 0, 81, 0, 73, 35, 27, 32, 15, 17, 2, 13, 27, 9, 0, 22, 87, 142, 38, 44, 35, 22, 30, 756, 14, 324, 57, 51, 78, 32, 315, 0, 23, 16, 1, 2, 23, 43, 24, 11, 4, 13, 39, 47, 64, 14], "mean": 36.51428571428571, "stdev": 74.54615543978798}