{"values": [12, 69, 0, 53, 56, 4, 19, 60, 49, 13, 2, 0, 24, 14, 32, 14, 9, 30, 29, 22, 69, 30, 2, 1, 17, 18, 4, 2, 45, 5, 21, 42, 36, 22, 15, 20, 57, 23, 42, 26, 19, 18, 21, 5, 17, 32, 11, 56, 6, 46, 10, 20, 17, 116, 30, 12, 23, 11, 23, 30, 70, 10, 12, 59, 16, 9, 38, 28, 25, 10, 8, 61, 15, 19, 21, 10, 71, 2, 27, 33, 28, 23, 28, 8, 13, 37, 26, 10, 18, 58, 44, 87, 13, 32, 28, 30, 29, 17, 8, 4, 3, 17, 73, 11, 4, 63, 2, 43, 43, 29, 39, 164, 19, 63, 61, 0, 13, 131, 55, 9, 12, 22, 27, 10, 72, 7, 16, 22, 22, 72, 30, 4, 21, 21, 29, 13, 15, 22, 7, 45, 14, 53, 20, 107, 23, 19, 15, 372, 67, 33, 52, 8, 80, 18, 13, 5, 21, 235, 1, 40, 7, 9, 9, 11, 25, 43, 35, 27, 415, 29, 46, 32, 21, 223, 16, 11, 16, 13, 11, 47, 28, 2, 29, 23, 42, 16, 95, 14, 16, 54, 4, 50, 77, 21, 525, 56, 20, 21, 25, 21, 24, 27, 9, 12, 2, 16, 23, 39, 36, 23, 33, 3, 17, 24, 9, 6, 52, 10, 25, 44, 18, 30, 79, 36, 66, 4, 19, 25, 30, 25, 12, 13, 6, 81, 25, 24, 27, 0, 12, 75, 9, 39, 20, 20, 24, 1, 3, 12, 49, 32, 29, 14, 28, 26, 21, 16, 20, 2, 61, 212, 3, 38, 28, 40, 272, 34, 44, 620, 80, 29, 0, 47, 113, 49, 56, 25, 10, 22, 6, 23, 40, 56, 2, 18, 18, 22, 17, 17, 3, 42, 1, 1, 43, 23, 19, 14, 44, 25, 8, 0, 52, 20, 11, 15, 113, 122, 164, 14, 118, 17, 28, 17, 73, 10, 87, 12, 58, 20, 6, 20, 27, 2, 13, 49, 6, 65, 7, 78, 1, 2, 68, 25, 1, 12, 3, 13, 5, 28, 27, 10, 28, 8, 6, 21, 7, 15, 38, 9, 41, 9, 29, 24, 51, 20, 30, 3, 41], "mean": 35.73669467787115, "stdev": 59.18973608307004}