{"values": [22, 1, 114, 46, 28, 30, 8, 20, 36, 18, 72, 8, 27, 31, 38, 57, 38, 8, 15, 40, 28, 28, 49, 30, 4, 31, 20, 19, 24, 25, 38, 35, 8, 0, 25, 2, 27, 27, 29, 12, 1, 44, 21, 16, 24, 69, 46, 6, 31, 3, 5, 57, 28, 27, 12, 2, 0, 47, 21, 26, 11, 11, 69, 9, 17, 21, 40, 27, 68, 13, 21, 66, 22, 41, 19, 6, 43, 29, 14, 26, 27, 42, 28, 59, 1, 21, 24, 22, 29, 21, 5, 35, 15, 12, 26, 11, 59, 57, 0, 24, 27, 2, 1, 15, 2, 20, 7, 26, 3, 80, 7, 6, 74, 2, 12, 26, 33, 5, 15, 11, 88, 15, 27, 17, 2, 10], "mean": 25.61904761904762, "stdev": 20.6207108094196}