{
    "values": [
        211.73885715361394,
        -377.3953555846349,
        426.41127035959244,
        -630.014062763433,
        -244.3756022163593,
        -397.30344863334926,
        97.6854982336597,
        -254.60958420349425,
        -211.17391201267787,
        282.451516246525,
        240.0093893373794,
        97.6854982336597,
        -211.17391201267787,
        336.19269068743665,
        -19.112811562658862,
        -10.253401316321288,
        -318.2225529213615,
        591.1926906874367,
        108.04023773233916,
        173.8687995837172,
        -79.43615590836225,
        65.92990003373598,
        128.38845157882952,
        -240.77093283788895,
        697.6854982336597,
        113.56329733362145,
        -89.84088305636715,
        -102.172813860102,
        -252.47444766343688,
        263.56329733362145,
        -14.165072330037106,
        115.25828163810866,
        521.5638440916377,
        -276.1312004162828,
        -104.37560221635931,
        -162.35721336273514,
        -557.9439220144861,
        -140.27953170001035,
        -280.8131208995519,
        -518.4058542714188,
        57.18192563857747,
        -403.1031875255658,
        530.1216095430104,
        -144.3756022163593,
        427.7774470786385,
        -11.173912012677874,
        -304.520313641392,
        -98.86995658378032,
        88.22895952262957,
        -58.92841206002561,
        -86.43670266637855,
        -507.94392201448613,
        -81.98019084967905,
        -102.3145017663403,
        634.7522903995314,
        -24.685108412525096,
        130.6243977836407,
        133.96777589356043,
        376.01380917869983,
        37.40529361125573,
        161.50119628468974,
        182.451516246525,
        627.9248367865478,
        252.0704897873984,
        7.671313942392771,
        -191.43670266637855,
        -306.64723255270087,
        -255.20699957197985,
        104.43709248751315,
        -145.67596047411575,
        -323.5435281457685,
        -254.41831381275415,
        697.6854982336597,
        0.05210093377445446,
        -127.0346311136966
    ],
    "mean": 1.0762353970979651e-13,
    "stdev": 302.2512893816451
}