{"values": [820.3792677497213, -917.0441896912953, -500.7384871441054, 614.6334781509531, -178.45624109261007, 667.678183405219, 490.53067058658326, -321.1104524391649, 1534.215637729324, 258.6596547925674, 457.0567588644244, -865.0806945143568, -271.63567957973555, 272.54375890738993, 80.60730150933887, 994.0810365039515, -448.6580982106125, 1235.9025777091965, 463.28768949750884, -233.39166062584536, -321.1104524391649, 162.248424535087, -633.9918364080668, 981.1597431563396, 428.2971383626764, -194.9179256312318, -675.249804820035, -560.1066944284275, 94.26151285589458, 1417.248424535087, 26.61935196532977, 94.26151285589458, 234.52030241169723, -135.6618562213498, -525.7384871441054, -213.16176785757762, 148.21105857475322, -384.059018465653, -1277.9431225804756, -112.37961016985355, -89.73744927928965, -279.8412947084762, -85.85166288336131, -1072.4655714026785, -922.4655714026785, -321.1104524391649, 284.85218160050135, -48.887990978880225, -1436.4440720815192, 440.53067058658326, 2658.240073917389, 272.54375890738993, 419.0438472711621, 8.031443360082449, -665.4796975883028, 389.92881252325697, -114.35429466551159, -1223.993576861617, -656.3384861987824, -188.8290675249409, 432.66047593640087, 63.670844111287806, -569.6703253941478], "mean": -4.186562912923003e-13, "stdev": 708.8004712862526}