{"Mean": 27.178571428571427, "Stdev": 33.79683698922416}