{"Mean": 27.931372549019606, "Stdev": 22.128454780412117}