{"Mean": 27.96062992125984, "Stdev": 22.453974645434776}