{"Mean": 48.86666666666667, "Stdev": 64.16147783596664}