{"Mean": 31.291176470588237, "Stdev": 33.95738147625533}