{"Mean": 32.5622641509434, "Stdev": 36.37583814724835}