{"Mean": 27.490384615384617, "Stdev": 20.086219587726383}