{"Mean": 26.21311475409836, "Stdev": 20.55439447823477}