{"Mean": 2.893846778368408e-14, "Stdev": 292.1171732692312, "R-Squared": 0.6697961648216431}