{"Mean": -4.049120247619201e-14, "Stdev": 305.79497362485046, "R-Squared": 0.5938407889190963}