{"Mean": -1.201219417435943e-13, "Stdev": 760.7357857301158, "R-Squared": 0.4812545880396021}