{"Mean": -8.801561630060596e-14, "Stdev": 772.7876661484438, "R-Squared": 0.485542909850035}