{"Mean": -2.3868694450391934, "Stdev": 582.5275182468104, "R-Squared": 0.5058346550657647}