{"Mean": -1.4551915228366853e-12, "Stdev": 610.2745818277346, "R-Squared": 0.5411026182960234}