{"Mean": 0.6415262141869825, "Stdev": 643.4680201897315, "R-Squared": 0.4629529248535187}