{"Mean": 0.7850196497781116, "Stdev": 625.7402929219397, "R-Squared": 0.4915734173796006}