{"Mean": -2.580392040391943e-13, "Stdev": 487.13486638352083, "R-Squared": 0.5055693450413774}