{"Mean": -2.1022746385243096e-13, "Stdev": 487.6508839783843, "R-Squared": 0.5072621280893785}