{"Mean": -1.1776325819768992e-14, "Stdev": 494.63991150252133, "R-Squared": 0.5127218989501836}